text,label,url,type
This choices reminds me of this meme,,https://reddit.com/r/TeamfightTactics/comments/1uan9h3/this_choices_reminds_me_of_this_meme/,post
"The one upside Soraka has is your choice isn't positionally bound to the square, but yeah...",,https://reddit.com/r/TeamfightTactics/comments/1uan9h3/this_choices_reminds_me_of_this_meme/,comment
"Yeeeah, I think soraka needs a little buff when she’s supposed to be the god of HP increasing.

I am proud of Yasuo though, he’s gone from the least picked god to the most picked one.",,https://reddit.com/r/TeamfightTactics/comments/1uan9h3/this_choices_reminds_me_of_this_meme/,comment
"GF got upset because I pulled chibi cafe vex

I've started to play TFT recently and my gf convinced me to open some loot boxes for the first time. I got chibi cafe vex on the very first loot box. She was not pleased lol.



edit: to clear confusion, she wasn't \*actually\* upset. as someone pointed out, she was like ""you lucky bastard""",,https://reddit.com/r/TeamfightTactics/comments/1u6ukp8/gf_got_upset_because_i_pulled_chibi_cafe_vex/,post
You could say she was vexed,,https://reddit.com/r/TeamfightTactics/comments/1u6ukp8/gf_got_upset_because_i_pulled_chibi_cafe_vex/,comment
nta break up with your gf date mortdog,,https://reddit.com/r/TeamfightTactics/comments/1u6ukp8/gf_got_upset_because_i_pulled_chibi_cafe_vex/,comment
"How did I get Pengu Garen in Pengus party?

Got him somewhere around level 9 as a drop, but no idea from what? Couldnt find any information about him online.",,https://reddit.com/r/TeamfightTactics/comments/1ubra63/how_did_i_get_pengu_garen_in_pengus_party/,post
bard copying the pve round gives pengu,,https://reddit.com/r/TeamfightTactics/comments/1ubra63/how_did_i_get_pengu_garen_in_pengus_party/,comment
"Same way you can get elder dragon, by having bard steal the end stage boss",,https://reddit.com/r/TeamfightTactics/comments/1ubra63/how_did_i_get_pengu_garen_in_pengus_party/,comment
"Teamfight Tactics - Unreal Engine Demo | State of Unreal 2026

A small tech talk about the move of TFT to Unreal Engine",,https://reddit.com/r/TeamfightTactics/comments/1u8kee5/teamfight_tactics_unreal_engine_demo_state_of/,post
"That new lobby makes it feel like a real video game

https://preview.redd.it/cxuppo62ew7h1.png?width=774&format=png&auto=webp&s=0ee6597d74f875a588edaa263d2cc39d8621cda5",,https://reddit.com/r/TeamfightTactics/comments/1u8kee5/teamfight_tactics_unreal_engine_demo_state_of/,comment
"I did not know it only took 18 weeks to build and ship TFT, that is insane.",,https://reddit.com/r/TeamfightTactics/comments/1u8kee5/teamfight_tactics_unreal_engine_demo_state_of/,comment
"I didn’t expect to actually win the arena but…

Just wanted to gamble with the pulls from the free pass and actually got it 😭, Thank you TFT",,https://reddit.com/r/TeamfightTactics/comments/1u920k2/i_didnt_expect_to_actually_win_the_arena_but/,post
Congratulations!! I currently use this one. I have the music turned off tho.,,https://reddit.com/r/TeamfightTactics/comments/1u920k2/i_didnt_expect_to_actually_win_the_arena_but/,comment
"Congratulations, I love this arena if it was more optimized for mobile. It just lags a lot at level 7. Thats why I'm really excited for the game engine change in August.",,https://reddit.com/r/TeamfightTactics/comments/1u920k2/i_didnt_expect_to_actually_win_the_arena_but/,comment
"Arbiter Cho got a little out of hand

Woulve slapped another warmogs on him for the hell of it, but got kind of unlucky with the items..

On topic: whats the highest number you've seen a unit hit throughout the sets? And this set? (excluding 3\* 5costs i guess)

How much HP would this have been with double warmogs ya think?",,https://reddit.com/r/TeamfightTactics/comments/1u965ow/arbiter_cho_got_a_little_out_of_hand/,post
I loved the part where you told us what the arbiter was xD,,https://reddit.com/r/TeamfightTactics/comments/1u965ow/arbiter_cho_got_a_little_out_of_hand/,comment
"The current Cho Gath HP record is 118k. Highest HP ive ever seen was 3* Tahm with millions of HP.

To put this set's Cho into perspective, if you had submitted this as a screenshot instead of a video it wouldnt have been allowed on the sub because we get around 5-10 Cho posts a day so I banned Cho screenshots for less than 40k hp for being too common",,https://reddit.com/r/TeamfightTactics/comments/1u965ow/arbiter_cho_got_a_little_out_of_hand/,comment
"5 new units for next set revealed

Saw these during the state of unreal showcase. Thought i’d share.",,https://reddit.com/r/TeamfightTactics/comments/1u8cdm5/5_new_units_for_next_set_revealed/,post
Inferno is giving me set 2 flashbacks that I dont need.,,https://reddit.com/r/TeamfightTactics/comments/1u8cdm5/5_new_units_for_next_set_revealed/,comment
why is it tagged nsfw tho,,https://reddit.com/r/TeamfightTactics/comments/1u8cdm5/5_new_units_for_next_set_revealed/,comment
"Thanks Leduck, this build is bonkers.

Deadlier Blades, 5 Nova, Samira knock up one shot the entire backline almost every fight. Was a very fun build to try.",,https://reddit.com/r/TeamfightTactics/comments/1u8x7ps/thanks_leduck_this_build_is_bonkers/,post
"I thought it was the DB Alkali build....

This works too I guess",,https://reddit.com/r/TeamfightTactics/comments/1u8x7ps/thanks_leduck_this_build_is_bonkers/,comment
Is this stronger than db akali?,,https://reddit.com/r/TeamfightTactics/comments/1u8x7ps/thanks_leduck_this_build_is_bonkers/,comment
"We still got over 2 months of this set left, hope yal are still having fun

I hate this set",,https://reddit.com/r/TeamfightTactics/comments/1u8swwt/we_still_got_over_2_months_of_this_set_left_hope/,post
it grew on me a little bit but I'm still not playing it nearly as much as the previous one,,https://reddit.com/r/TeamfightTactics/comments/1u8swwt/we_still_got_over_2_months_of_this_set_left_hope/,comment
Even pengu failed to hold me over 🥲 I can’t wait for the next set lol,,https://reddit.com/r/TeamfightTactics/comments/1u8swwt/we_still_got_over_2_months_of_this_set_left_hope/,comment
"Leduck’s omniweapon lose to set 1 trait

Ghost proc into omniweapon brock and it dies immediately lol. Dude was having the match of his life with 1 off brock 3 and 800 cashout",,https://reddit.com/r/TeamfightTactics/comments/1ubjyba/leducks_omniweapon_lose_to_set_1_trait/,post
"Ghost was the ultimate RNG trait. 

hit the right unit and it beats absolutely anything.

  having a trait that just deletes one unit at random was mad.",,https://reddit.com/r/TeamfightTactics/comments/1ubjyba/leducks_omniweapon_lose_to_set_1_trait/,comment
Well... that's what happens when you sell board...,,https://reddit.com/r/TeamfightTactics/comments/1ubjyba/leducks_omniweapon_lose_to_set_1_trait/,comment
"First time seeing this beauty <3

With 800 or 900 (can't remember) anima payout I've gotten this cool item. Every fight was an instant delete right away.

Edit: this was in pengu's party, hence the Brock!",,https://reddit.com/r/TeamfightTactics/comments/1ublto2/first_time_seeing_this_beauty_3/,post
"I've seen clips of this being used, and the unit equipped with it just shreds through everything immediately, but the stats it gives really don't look like they'd make the holder that powerful. Is there like a hidden passive or am I misunderstanding something about it?",,https://reddit.com/r/TeamfightTactics/comments/1ublto2/first_time_seeing_this_beauty_3/,comment
How do you get to such a high cashout?,,https://reddit.com/r/TeamfightTactics/comments/1ublto2/first_time_seeing_this_beauty_3/,comment
"Maybe should add a little legends Poro cosplay on Baron Nashor?

original 3D model Artist: [https://www.artstation.com/artwork/q94z0L](https://www.artstation.com/artwork/q94z0L)",,https://reddit.com/r/TeamfightTactics/comments/1u7vlxh/maybe_should_add_a_little_legends_poro_cosplay_on/,post
"Didnt Exepct That Dmg

What item even is that?",,https://reddit.com/r/TeamfightTactics/comments/1ua9lr6/didnt_exepct_that_dmg/,post
Crown of champions. Does 9001x current gold as true damage every 8s,,https://reddit.com/r/TeamfightTactics/comments/1ua9lr6/didnt_exepct_that_dmg/,comment
Crown of Champion or sth from the Shimmerscale trait,,https://reddit.com/r/TeamfightTactics/comments/1ua9lr6/didnt_exepct_that_dmg/,comment
"HOLYYY double pull in 20?!! THANK YOU RITO ILY❤️❤️

So a couple weeks ago I got the [mythic cafe board in 10 pulls,](https://www.reddit.com/r/TeamfightTactics/s/FK1j2PsGU7) 

And today I did 20 more pulls to try my luck on the Annie Chibi mythic. I got nothing from the first 10, but pulled her NOT ONCE, BUT TWICE!!!! Went from 1 medallion to 11! I’m a pretty casual player but I’m def spamming games every day now I’m so happy😍😍",,https://reddit.com/r/TeamfightTactics/comments/1u9qr8t/holyyy_double_pull_in_20_thank_you_rito_ily/,post
this how god treats other people huh? aight bet,,https://reddit.com/r/TeamfightTactics/comments/1u9qr8t/holyyy_double_pull_in_20_thank_you_rito_ily/,comment
"https://preview.redd.it/j4dciahwx58h1.jpeg?width=1290&format=pjpg&auto=webp&s=fe4e4352adb92b58515255446a7cf65bd503eff4

  
congrats",,https://reddit.com/r/TeamfightTactics/comments/1u9qr8t/holyyy_double_pull_in_20_thank_you_rito_ily/,comment
"Anyone experienced the botting situation in their lobby too?

Not a complain or anything since i literally got hand over a sandbox game, but i have never found a pure human lobby in pengu",,https://reddit.com/r/TeamfightTactics/comments/1u78fwr/anyone_experienced_the_botting_situation_in_their/,post
"pengu's event give you free gacha tokens for playing the game, probably someone is botting to farm tokens and sell the accounts that has a chibi or arena.",,https://reddit.com/r/TeamfightTactics/comments/1u78fwr/anyone_experienced_the_botting_situation_in_their/,comment
How funny would It be if they were real players with helmet bro icon and base river sprite,,https://reddit.com/r/TeamfightTactics/comments/1u78fwr/anyone_experienced_the_botting_situation_in_their/,comment
"Why they had to make Karma so bad as unit?

She's usually in comp just to splash traits.

Her casting animation takes an eternity. 

Her best items are morello and void staff.

Two-starring her feels like a waste of 8 gold.

Not even remotely on par with fellow 4 cost AP casters, Nami and ASol. 

  
I don't get it.",,https://reddit.com/r/TeamfightTactics/comments/1uc9dqk/why_they_had_to_make_karma_so_bad_as_unit/,post
I think she was overtuned when this set dropped so they nerfed her and never looked back,,https://reddit.com/r/TeamfightTactics/comments/1uc9dqk/why_they_had_to_make_karma_so_bad_as_unit/,comment
3000dmg per cast each target btw,,https://reddit.com/r/TeamfightTactics/comments/1uc9dqk/why_they_had_to_make_karma_so_bad_as_unit/,comment
"I love Pengu's Party because you get to see many creative team comps

[yes i am part of the problem](https://preview.redd.it/3r1kojhpoa8h1.png?width=955&format=png&auto=webp&s=8cc1fe5d4c793235b7826c066e3f48e1658a394b)

this was just a generic galaxy start (not sona)",,https://reddit.com/r/TeamfightTactics/comments/1uac3s6/i_love_pengus_party_because_you_get_to_see_many/,post
"Im just trying to complete the atlas, my 4 Fateweavers always face a 3* Veigar",,https://reddit.com/r/TeamfightTactics/comments/1uac3s6/i_love_pengus_party_because_you_get_to_see_many/,comment
"Your Vex looks a little weird, though, didn't know she had a Cosmic Xayah skin!",,https://reddit.com/r/TeamfightTactics/comments/1uac3s6/i_love_pengus_party_because_you_get_to_see_many/,comment
"Bug or interaction?

Are shen and zed fighting normal? I guess it is because of the lore I think they are enemies? but I don’t know if it is meant to be intended or not, cool easter egg if it is supposed to be like this.",,https://reddit.com/r/TeamfightTactics/comments/1u7qitk/bug_or_interaction/,post
If you put them in adjacent hexes and then combat happens they start fighting during planning phase. Exactly like you said for lore reasons. Don’t know why people are defaulting to putting you down lmao just empty hearts I guess,,https://reddit.com/r/TeamfightTactics/comments/1u7qitk/bug_or_interaction/,comment
Some subreddits are just an ego clown fest. Instead of actually helping and being a community lmao.,,https://reddit.com/r/TeamfightTactics/comments/1u7qitk/bug_or_interaction/,comment
"What rank is actually considered ""good"" in TFT?

&#x200B;

I've met people who laugh at Master players and act like it's still low elo, while others are impressed when someone reaches Plat. So I honestly have no idea where the community draws the line.

For context, I've spent most sets in diamond I-II, hit master twice, and this set I'm currently stuck in emerald I..🥲

So what's the general consensus? At what rank would you say someone is actually good at the game?

And based on my ranks, would you consider me a good player or average?",,https://reddit.com/r/TeamfightTactics/comments/1u6u6hs/what_rank_is_actually_considered_good_in_tft/,post
Below me are noibs and above me are tryhards with no life,,https://reddit.com/r/TeamfightTactics/comments/1u6u6hs/what_rank_is_actually_considered_good_in_tft/,comment
"Guaranteed most people in this sub Reddit are below master but still have the ""Master bad, I'd be GM if this set wasn't bad / I didn't low roll / people didn't grief me"" mentality",,https://reddit.com/r/TeamfightTactics/comments/1u6u6hs/what_rank_is_actually_considered_good_in_tft/,comment
"Yordle Lord

Does veigar, when unlocked with the prismatic yordle trait, count for this? He has the gold border but his cost is 0. I'm assuming no because I 3 stared at him and didn't get this unlocked...",,https://reddit.com/r/TeamfightTactics/comments/1uc4wtw/yordle_lord/,post
Just play tockers trials - fast 10 sell board vs zed and roll all gold for a 3 star 5 cost,,https://reddit.com/r/TeamfightTactics/comments/1uc4wtw/yordle_lord/,comment
"veigar is 0 cost from yordle lord, so it doesn't work",,https://reddit.com/r/TeamfightTactics/comments/1uc4wtw/yordle_lord/,comment
"Anyone who also kinda enjoys this set?

I enjoyed the set so far ngl, and I have been here since set 1. But there is just so much hate lol.

It's the set where I reached Emerald with least number of matches (I always kinda stopped playing ranked after reaching it). I feel like I'm being super flexible with different comps and always win at least once with every comp. I'm still experimenting everything and climbing consistently without mate guides. Maybe I'm just playing for fun and not too aggressively, but I definitely still enjoy this set as much as set 16 (unpopular i know). Just wondering if anyone feels the same and why.",,https://reddit.com/r/TeamfightTactics/comments/1ubfka6/anyone_who_also_kinda_enjoys_this_set/,post
"Personally, I don’t hate the set as much as majority of the players, but it’s definitely not a set above others.  

As long as you still enjoyed set 17, no one else’s opinions matter",,https://reddit.com/r/TeamfightTactics/comments/1ubfka6/anyone_who_also_kinda_enjoys_this_set/,comment
There are people who enjoy it but looking at the competitive sub it’s clear it’s not a fan favorite cause no one bothers to post in daily discussion,,https://reddit.com/r/TeamfightTactics/comments/1ubfka6/anyone_who_also_kinda_enjoys_this_set/,comment
"I think artifacts should list good users of the items, such as recommended items and even psionic letting you what items are okay for the champ.

Its so hard for new players to know who to put a link Bane on, or get four artifacts they don't know and have to choose one not good for their comp.",,https://reddit.com/r/TeamfightTactics/comments/1u9q7ck/i_think_artifacts_should_list_good_users_of_the/,post
"Dont agree, not because players need to learn the game but because most of their recommendations usually end up kinda dogshit",,https://reddit.com/r/TeamfightTactics/comments/1u9q7ck/i_think_artifacts_should_list_good_users_of_the/,comment
"While I do understand why it would be nice to have, it would ruin a large amount of discovery and novelty for players at the beginning of one. Also, most artifacts make it obvious what type of champions should equip them, with reading the description. Knowing specifically which tank or AD carry it should be BIS on is a skill in itself.",,https://reddit.com/r/TeamfightTactics/comments/1u9q7ck/i_think_artifacts_should_list_good_users_of_the/,comment
"Soraka Prosperity Tooltip

I got conflicting tooltips when selecting the prosperity blessing",,https://reddit.com/r/TeamfightTactics/comments/1u89d7x/soraka_prosperity_tooltip/,post
probably a visual bug? better check it whether it gives 8 per interest,,https://reddit.com/r/TeamfightTactics/comments/1u89d7x/soraka_prosperity_tooltip/,comment
"This also happens with the psyonic item Biomatter Preserver.  Says something like 450 or 550 extra health when you hover over the item in the Psyonic trait but then when you get the item, it's 350 or so.  Weird inconsistencies",,https://reddit.com/r/TeamfightTactics/comments/1u89d7x/soraka_prosperity_tooltip/,comment
"I am not a king, I am not a god, I am… worse…

(I went second to double 3\* Yordle Lord :c )",,https://reddit.com/r/TeamfightTactics/comments/1uc4pzt/i_am_not_a_king_i_am_not_a_god_i_am_worse/,post
"Beat Brock 3* with Fiora 1*

I was playing Pengu’s and managed to beat basically everyone using Coven Lulu, even managed to hit Blitz 3 thanks to Prismatic Ticket and 4 gold per turn from The Boar. The Ixtal 2 player somehow managed to hit Brock 3 and sold their whole board, beating me for 2 turns and leaving me at 1 HP exactly. At the last second, I bought Fiora and sold the rest of my remaining board :’)

Not ranked but if I’m the other guy I’d be quite pissed ngl",,https://reddit.com/r/TeamfightTactics/comments/1u96dxc/beat_brock_3_with_fiora_1/,post
how have brock 3 ? Mine only stay 1,,https://reddit.com/r/TeamfightTactics/comments/1u96dxc/beat_brock_3_with_fiora_1/,comment
I imagine this would beat any 3* 5 cost this set?,,https://reddit.com/r/TeamfightTactics/comments/1u96dxc/beat_brock_3_with_fiora_1/,comment
"What's the first thing you buy when you got 10 Medallions?

After years of saving I finally got enough to buy something decent, but now I'm so scared of spending it because I'm afraid something better will be released and just cannot decide. 

Definitely not buying board, just tacticians. Any advice?",,https://reddit.com/r/TeamfightTactics/comments/1uaef1r/whats_the_first_thing_you_buy_when_you_got_10/,post
I would personally just get a cool version of whoever your favorite champion is when it comes around in the shop,,https://reddit.com/r/TeamfightTactics/comments/1uaef1r/whats_the_first_thing_you_buy_when_you_got_10/,comment
"It depends on taste, right? But imo Arenas.",,https://reddit.com/r/TeamfightTactics/comments/1uaef1r/whats_the_first_thing_you_buy_when_you_got_10/,comment
"How do yall win with Shepherd 7???

Maybe this is a crazy question, but genuinely this trait feels so underwhelming. I've got shepherd 7 in both normal games and the anniversary mode (with 2 coven, no less, giving my Bia and Bayin 110 AP and infinite mana) and both times I didn't get close to winning.

I had good backline carries but ofc there are ways to ignore frontline so they just got melted and Bia & Bayin couldn't carry at that point.

Not sure what I'm doing wrong, honestly.",,https://reddit.com/r/TeamfightTactics/comments/1u8vil5/how_do_yall_win_with_shepherd_7/,post
"Ironically, this is the easiest top 1 since ei got everything I need. Just lucky 😂😂",,https://reddit.com/r/TeamfightTactics/comments/1u8vil5/how_do_yall_win_with_shepherd_7/,comment
"not enough info. what were your backline carries? what was your front? who was itemized?

here is my game yesterday. not top 1 but honest work. i got placement diffed on the last round but i could have won if i placed better.

you can put a vex instead of nami. its just that i happened to have nami, and she was out damaging the whole team (yes with this gear)

https://preview.redd.it/9qkgge61ry7h1.png?width=691&format=png&auto=webp&s=ebcfdb363b191808bcd3d0196bb81ddf84ca0df0",,https://reddit.com/r/TeamfightTactics/comments/1u8vil5/how_do_yall_win_with_shepherd_7/,comment
"5x 5 costs at 3-2 (I came 7th)

I wonder why I’m hard stuck diamond?..",,https://reddit.com/r/TeamfightTactics/comments/1ubk6g0/5x_5_costs_at_32_i_came_7th/,post
Bro how did you get 7th with 3-2 Graves?,,https://reddit.com/r/TeamfightTactics/comments/1ubk6g0/5x_5_costs_at_32_i_came_7th/,comment
Early graves and you came 7th? Yikes,,https://reddit.com/r/TeamfightTactics/comments/1ubk6g0/5x_5_costs_at_32_i_came_7th/,comment
"I need help with Chibi Vex, Is Cafe Vex a standalone Tactician or is she it a Tactician skin?

So i want to recharge and i want to spend money in tft cause i love Vex, but I'm confused about something, is Cafe Cuties vex a Tactician or a skin? Cause It says it's a Tactician so I'm not sure and i wanna make sure cause I don't wanna waste money",,https://reddit.com/r/TeamfightTactics/comments/1uch65n/i_need_help_with_chibi_vex_is_cafe_vex_a/,post
it’ll be a full tactician on its own and you won’t need to own Chibi Vex to be able to use Chibi Cafe Cuties Vex; you just pull straight for her! best of luck because it could also be quite expensive!!,,https://reddit.com/r/TeamfightTactics/comments/1uch65n/i_need_help_with_chibi_vex_is_cafe_vex_a/,comment
"In League: You need a champ in order to play with skin
In TFT: There's no such requirement. You pull and you have functional avatar to play with. 

But:
If you don't want to pull in gacha you can buy the base version in bundle with RP. 

Gacha skins have finishers (when you ""kill"" a player), base version don't have it. 

If you have more questions feel free to ask",,https://reddit.com/r/TeamfightTactics/comments/1uch65n/i_need_help_with_chibi_vex_is_cafe_vex_a/,comment
"I Think Zoe Would’ve Worked Better as a Space God Than Thresh

Since the premise is bestowing Random Boons and Blessings alongside Mystery Loot, I feel like Zoe embodies the idea of ""random goodies"", ""surprise gifts"", and ""unpredictable outcomes"" a lot better than Thresh does.

I also think Zoe projects the idea of a ""Space God"" better than Thresh. Besides the fact that base Zoe is an Aspect (which is essential a space god already), Zoe's Star Guardian, Dark Star, EDG, Prestige Arcanist, and even Mythmaker skin would all be viable options to represent a Space God, in my opinion. At least as much as a skeleton from the cowboy dimension, anyway.

I'd honestly go with Star Guardian Zoe, and she could even wear her shadow mask when the player doesn't select her to convey her displeasure. Soraka has so many alternative options that would still be suitable for a Space God: Dryad, Celestine, Divine, Immortal Journey, and perhaps most fittingly, Dawnbringer. Soraka would still have plenty of options available to her even if Zoe takes her place in using Star Guardian.

And as for the fact that Zoe exists as a unit in the Set: well, that doesn't stop Aurelion Sol, now does it?

Zoe just feels like a much more obvious choice for a Space God that gives random rewards than Thresh does.",,https://reddit.com/r/TeamfightTactics/comments/1ucr0u5/i_think_zoe_wouldve_worked_better_as_a_space_god/,post
"Nova fast 9, which placement should I go for?",,https://reddit.com/r/TeamfightTactics/comments/1u84myy/nova_fast_9_which_placement_should_i_go_for/,post
"It's generally the second, but where is your Rhaast?",,https://reddit.com/r/TeamfightTactics/comments/1u84myy/nova_fast_9_which_placement_should_i_go_for/,comment
"Second, but morgana should be switched to Rhaast, I think you only go Morgana if there's no more Nunu in the pool and Tahm is contested



Then switch the hexes to:

Morgana - > Nunu

Nunu - > Blitzcrank

Blitzcrank - > Fiora

Shen -> Graves",,https://reddit.com/r/TeamfightTactics/comments/1u84myy/nova_fast_9_which_placement_should_i_go_for/,comment
"My experience with the prismatic primordian augment.

I got the 3 primordians and a Jinx with guinso from the start of the game so I though to just try force that comp. Then got the prismatic primordian augment offered and picked it for the first time. I didn't even read the full description before because it seemed bad but I decided to go for it anyway and oh boy it is indeed a very bad augment.   
Additional to the 6/ 3 star champs, you also need to reach lvl 9 for the supreme primordian to show up. So you need to have a very strong early and mid game while also keep good economy while still buying champions while also leveling up to 9.    
I was able to pull it off because Varus gave me some champ duplicators and because my other augments complemented it. I got the silver augment that changes items every turn, so i was able to build optimal items for my board to keep it strong and then got the prismatic augment that gave you 26 gold or something like that and gives you 3 rolls per turn as long as you have 80+ gold.   
Without Varus or those augments I think it would have been completely impossible to pull it off... I did finished first but definitely don't recommend this augment at all since it really needs a lot of conditions to pay off.   
What are your comments/experiences with this augment?",,https://reddit.com/r/TeamfightTactics/comments/1u6v2mv/my_experience_with_the_prismatic_primordian/,post
"I watched dpei played this in challenger lobby. He had complementary augments, made it to 9 for the supreme primordian, and still went 5th 😭",,https://reddit.com/r/TeamfightTactics/comments/1u6v2mv/my_experience_with_the_prismatic_primordian/,comment
I picked it once because I had a really strong primordian opener and proceeded to die 10 gold away from level 9...,,https://reddit.com/r/TeamfightTactics/comments/1u6v2mv/my_experience_with_the_prismatic_primordian/,comment
"I took thresh’s boon 2-4 with Apex primordian augment -> mini recombobulate

I did not consider this possibility 🤣 waiting for 3-2 to FF as i type this",,https://reddit.com/r/TeamfightTactics/comments/1u94qmx/i_took_threshs_boon_24_with_apex_primordian/,post
I'd be fuming lol. The one time I got the Apex Primordian augment this set I managed to complete it and win,,https://reddit.com/r/TeamfightTactics/comments/1u94qmx/i_took_threshs_boon_24_with_apex_primordian/,comment
"Dont gamble in the ""you should not gamble"" spots.",,https://reddit.com/r/TeamfightTactics/comments/1u94qmx/i_took_threshs_boon_24_with_apex_primordian/,comment
"Set 15 Revival Power Snax

The decision to make the Power Snax fixed for Choncc’s KO Coliseum revival is seriously ruining one of the best things from Set 15 and regularly causes me to quit and walk away for the day. Here’s a brief list of fun games that become unplayable if you can’t swap for the right power up:

Mighty Mech: One of the funnest ways to play mighty mech is getting pilots so he can have an infinite number of active traits. This only becomes more exciting if things like Golden Spatula are offered allowing you to instantly get two traits (Heavyweight and Juggernaut) off of Aatrox for free. I regularly play mighty mech games where I commit to this and end up finding out none of the units have a power up allowing them to fuse. Even if I wait til 3-2, level 5 with 5 Mighty Mech on the board I still won’t get the power up offered. I immediately stop playing when this happens. We already know a true prismatic trait would win so it wouldn’t break the game by any means.

Malzahar: Malzahar re-roll was one of and still is very strong, but it requires Noxious Trap power up to really work. Without it it’s extremely mediocre especially in a game of 3\* 5 costs. Wasting time getting to 6 or 7 to find Malzahar and realizing the power up is unavailable is disappointing to say the least.

Push-Ups, Artistic KO, 2X KO, All-Out, Collosal, Hungry Hero, Max Vitality (especially vi), Over 9000. The list is endless. Please for the love of this game let me roll Power Snax. Let me play to have fun. We already know the way to win Choncc is a 3\* 5 costs or max Crew, not the power snax. So please just let us have some fun and bring variety back to this game.

Sincerely,

Someone who plays to fulfill a meme dream, and maybe to win, but primarily for the silliness.",,https://reddit.com/r/TeamfightTactics/comments/1u6rpgk/set_15_revival_power_snax/,post
"Set 15 players: snax are too rng dependent and it’s a stupid snax reroll meta

Set 15 revival players: where the fuck is my snax reroll give me back my rng dependency",,https://reddit.com/r/TeamfightTactics/comments/1u6rpgk/set_15_revival_power_snax/,comment
"Chonccs isn't about playing a set traditionally, and since its the first ""Chonccs Revival"" its going to be different than traditional revival sets. 

I think the idea here was that power snax were not recieved well by the competitive community, making it one of the more frustrating sets in recent times. With set 17 also being a set that has been negatively recieved, I image they're trying to identify play patterns and metrics to zone in on the negitive player experiences. Give the set entirely different resource generations and gameplay patterns, tweak mechanics, and compare player counts to the currently disliked set. Etc etc

 Probably the first time since set 2 & 4.5 that there have been two sets so close to each other with negitive receptions, so im sure the team is trying to identify anything they can to prevent that in the future, whether they're balance, design, thematic, or player driven decisions that have led to these outcomes.",,https://reddit.com/r/TeamfightTactics/comments/1u6rpgk/set_15_revival_power_snax/,comment
"Any chance we will have TFT mobile running on Unreal Engine on 14/7, the date set 18 PBE released?

They said that TFT PBE for set 18 will be released sooner than usual to find issues due to new game engine. That's apparently for TFT PC. But for mobile, will we touch the new version with the UE as well right on PBE? Or we need to wait til official release?",,https://reddit.com/r/TeamfightTactics/comments/1ubdnm5/any_chance_we_will_have_tft_mobile_running_on/,post
"Edit: found a direct comment from Riot Prism confirming that Mobile client is getting the engine first: [https://www.reddit.com/r/TeamfightTactics/comments/1u44j2m/comment/oraahi1/](https://www.reddit.com/r/TeamfightTactics/comments/1u44j2m/comment/oraahi1/)

>Mobile will be updated alongside the release of 18.  
While PC's own TFT client will come a few patches into set 18, Mobile's client will be completely updated upon the initial release of set 18. This will be a bigger than usual update size wise, but don't worry about having to uninstall the old app, it'll just automatically be replaced with the set 18 update.

[https://teamfighttactics.leagueoflegends.com/en-us/news/game-updates/faq-tft-unreal-migration/](https://teamfighttactics.leagueoflegends.com/en-us/news/game-updates/faq-tft-unreal-migration/)

* TFT is moving from Hextech to Unreal with the release of set 18; this isn’t a TFT 2 or anything like that, it’ll still feel like the same game, with the same team behind it, that’s learned an all new engine. Four patches into set 18, we will follow up with the launch of a TFT specific client. 
* Set 18 will have a larger first download, and Mobile players will have the TFT app automatically replaced with the updated version that uses Unreal.
* While the game is moving to Unreal with the launch of set 18, our PC client will remain in Hextech until a dedicated client comes out a few weeks after our launch—four patches later on October 9th to be specific. The new client will also have an extended PBE period.

All of this implies that the Mobile client will get Unreal engine first (at the same time for PBE, 4 patches ahead for live servers on Set 18 release.)",,https://reddit.com/r/TeamfightTactics/comments/1ubdnm5/any_chance_we_will_have_tft_mobile_running_on/,comment
will this mean that we finally get +60 FPS and native resolutions on mobile? tft client right now on mobile feels like shit,,https://reddit.com/r/TeamfightTactics/comments/1ubdnm5/any_chance_we_will_have_tft_mobile_running_on/,comment
"Why did a rocket ship come in and blast me to death instantly

One other guy got drive by'd too. What happened

edit: Thank you everyone! He hit prismatic crew",,https://reddit.com/r/TeamfightTactics/comments/1ub4l0a/why_did_a_rocket_ship_come_in_and_blast_me_to/,post
TF 3 in a maxxed out The Crew team,,https://reddit.com/r/TeamfightTactics/comments/1ub4l0a/why_did_a_rocket_ship_come_in_and_blast_me_to/,comment
Prismatic Crew is an auto win. It’s an Easter egg as winning requires you to 3 star a 5-cost which is usually a win condition anyway,,https://reddit.com/r/TeamfightTactics/comments/1ub4l0a/why_did_a_rocket_ship_come_in_and_blast_me_to/,comment
"Yasuo's Bladework and Maestros Baton overpowered interaction.

https://reddit.com/link/1u9qygn/video/oaxwd6ajr58h1/player

High and low damage is alternately switched thanks to the atk speed conversion to ad of the Maestros baton and the yasuo artifact's atk speed bonus.

Cait ends up with over 17k damage per fight",,https://reddit.com/r/TeamfightTactics/comments/1u9qygn/yasuos_bladework_and_maestros_baton_overpowered/,post
"We celebrating the world cup with this one

Unfortunately, I lost to a guy with Veigar 3. Forgot to look at how much AP he has as well before I ff'd but he does a lot of damage and clears boards way too quick.",,https://reddit.com/r/TeamfightTactics/comments/1u9rcz9/we_celebrating_the_world_cup_with_this_one/,post
"Meeples Found

So I'm sure I'm not the only one struggling to complete 7 Shepherd and 6 Anima. I feel like I'll get my Meeple eventually but the other two are hell. 

Any tips?

Edit: I just completed arbiters 3 on my first try on pengu mode. I checked my journal and it checked off. I didn't know any game mode worked. Time to spam pengu mode. 😁",,https://reddit.com/r/TeamfightTactics/comments/1u8s3wl/meeples_found/,post
"I got my 120/120 this weekend. I recommend doing Pengu's Party, its probably the easiest way to get those wins.",,https://reddit.com/r/TeamfightTactics/comments/1u8s3wl/meeples_found/,comment
"I am at 119/120 meeps. I have mostly been grinding Pengu Party because the golden remover is super useful plus I feel like the Prismatic Traits or whatever they are called  can really carry you.

I haven’t gotten Anima 6, I was so close one game, literally only needed to win the final round, but the other guy just stunlocked my team.

 My advice is to try to get an augment that gives you multiple emblems, get a reforger, put all those emblems on one guy, then reforge the unit so that you reforge multiple emblems at once and pray you get Anima. Another thing that I don’t know works, there is the augment that randomizes all the items in your inventory every round, it also reforges the emblems, I don’t know if it can reforge into Anima but I feel like it should.

Like I said, I mostly got those meeps because I was carried by the Prismatic Traits, like Kayle and Galio. Also I found that Graves is really good, maybe if you get the Hacker prismatic trait to level two you can use the graves to go in the back line.",,https://reddit.com/r/TeamfightTactics/comments/1u8s3wl/meeples_found/,comment
"my first prismatic trait

hit my first prismatic trait in ranked 🛸🛸",,https://reddit.com/r/TeamfightTactics/comments/1ubjczv/my_first_prismatic_trait/,post
"Can someone explain how I died?

Had Hacker 2 and knew exactly who I was fighting (#1's clone). I won the fight, but took lethal Tactician damage.",,https://reddit.com/r/TeamfightTactics/comments/1u7c80j/can_someone_explain_how_i_died/,post
"You won but the fight bugged, so your team was still ‘fighting’ non existent enemies. This resulted in your fight ending in a tie, which causes both players to take damage.",,https://reddit.com/r/TeamfightTactics/comments/1u7c80j/can_someone_explain_how_i_died/,comment
Its relatively uncommon but your little legend can have hearth attack just like the real life.,,https://reddit.com/r/TeamfightTactics/comments/1u7c80j/can_someone_explain_how_i_died/,comment
"3-star Urgot wrecks 3-star Veigar

Sadly, forgot to take video but urgot with Empress + BIS just deletes backline too fast",,https://reddit.com/r/TeamfightTactics/comments/1u7tjxk/3star_urgot_wrecks_3star_veigar/,post
"How do I hit my 3 star 3 costs?

I’ve been playing a lot the last few days (I’m only play 1, got emerald 2 last season but haven’t hit yet) so I like to think I have a good base understanding of the game & units. But I think my decision making is the problem. What do I do if I’ve commit to for example Diana reroll which uses 4 or 5 3 costs and I don’t get a reroll augment? Do I just come 6th? Should I be pivoting to something else?

Also, when should I roll? I usually slow roll for a few rounds and then when I’m down to 2 or 3 lives I commit and almost always miss then spend the next 2-4 rounds donkey rolling in desperation of hitting",,https://reddit.com/r/TeamfightTactics/comments/1u9f552/how_do_i_hit_my_3_star_3_costs/,post
The biggest thing I always try to remember is to scout plenty and make sure I’m not contested.,,https://reddit.com/r/TeamfightTactics/comments/1u9f552/how_do_i_hit_my_3_star_3_costs/,comment
"roll on spikes 

3-5 (most important round) roll for 2 star upgrade if paired, this will save a lot of health

slow roll stage 4

all in by 5-1 or 7 copies whichever comes first

If you miss it's 8th

If you commit to a reroll line with 1 copy, that's also an 8th angle",,https://reddit.com/r/TeamfightTactics/comments/1u9f552/how_do_i_hit_my_3_star_3_costs/,comment
"Finally hit 6 ANIMA

Finally hit 6 ANIMA + perfect comp... but I just couldn't 3-star Fiora 😭",,https://reddit.com/r/TeamfightTactics/comments/1u706y8/finally_hit_6_anima/,post
Congrats challenge is insane,,https://reddit.com/r/TeamfightTactics/comments/1u706y8/finally_hit_6_anima/,comment
400 anima + 800 ixtal cashout VS FUTA CHOGATH,,https://reddit.com/r/TeamfightTactics/comments/1ucm8qk/400_anima_800_ixtal_cashout_vs_futa_chogath/,post
Do you have a better name for Set 1? Beta doesn't sound good as a set name,,https://reddit.com/r/TeamfightTactics/comments/1u7fgd4/do_you_have_a_better_name_for_set_1_beta_doesnt/,post
One of the internal names we used was 'Smells like Runeterra',,https://reddit.com/r/TeamfightTactics/comments/1u7fgd4/do_you_have_a_better_name_for_set_1_beta_doesnt/,comment
"The quest is literally called ""humble beginnings""... That works for me",,https://reddit.com/r/TeamfightTactics/comments/1u7fgd4/do_you_have_a_better_name_for_set_1_beta_doesnt/,comment
"Finally hit Challenger in Double Up

After playing every TFT set together since Set 12, my friend and I finally reached Challenger in Double Up. Our previous best was Grandmaster, so this one feels extra special.",,https://reddit.com/r/TeamfightTactics/comments/1ubln83/finally_hit_challenger_in_double_up/,post
"Congrats that’s an achievement !! We never managed to get above diamond with my bro, Do you have any advice to climb ?",,https://reddit.com/r/TeamfightTactics/comments/1ubln83/finally_hit_challenger_in_double_up/,comment
Grats!  I climbed to grandmaster this season but dont think i can go much further without a partner. I've been queuing solo and its frustrating when half the people I match with literally don't type or communicate in any way lol.,,https://reddit.com/r/TeamfightTactics/comments/1ubln83/finally_hit_challenger_in_double_up/,comment
"Does anyone know if the cafe cuties scuttle crab is out yet?

I saw them say it was coming, the game shows it as locked if you look at the scuttle crab group but I don’t see it in the shop or the gacha. What am I missing?",,https://reddit.com/r/TeamfightTactics/comments/1uahvco/does_anyone_know_if_the_cafe_cuties_scuttle_crab/,post
"3 star shen lost lol

he got a 3 star shen from i dont know where and didnt itemize and lost to the frozen mallet comp",,https://reddit.com/r/TeamfightTactics/comments/1ucqja6/3_star_shen_lost_lol/,post
"That is pretty funny, I mean, he doesn’t look like an auto win, but a 3 star 5 cost losing in a normal fight is extremely sad. Was he just stunned a bunch?",,https://reddit.com/r/TeamfightTactics/comments/1ucqja6/3_star_shen_lost_lol/,comment
"Glaical graues permastunes the unit he is attacking, therefore it is not supricing",,https://reddit.com/r/TeamfightTactics/comments/1ucqja6/3_star_shen_lost_lol/,comment
"Doubleup Got second on accident

We died (wife's icon turned grey, board disappeared), but we had positive health due to fiora and my board winning.

&#x200B;

afterwards i couldnt move but could buy from shop. My board kept fighting whereas my wifes board was empty (tied opponent), then the next round counted as a full loss. but my board beat the other duo so they got third and we got second lol

&#x200B;

not complaining as we got top 4, but it was wild to watch",,https://reddit.com/r/TeamfightTactics/comments/1u8vrrx/doubleup_got_second_on_accident/,post
Empress + Big Bang is interesting,,https://reddit.com/r/TeamfightTactics/comments/1u7xg9q/empress_big_bang_is_interesting/,post
"What's your current best setup for getting the most Chogath HP in Pengu Party?

Thus far in my experience mountain seems shockingly mid compared to Renewer or Coven. What are your thoughts?",,https://reddit.com/r/TeamfightTactics/comments/1ubddcf/whats_your_current_best_setup_for_getting_the/,post
"I had a 15k hp Cho gath. 

My opp had phantom 2. 

I was so sad when I got 5th.",,https://reddit.com/r/TeamfightTactics/comments/1ubddcf/whats_your_current_best_setup_for_getting_the/,comment
Fully stacked Cho with crystal pmo,,https://reddit.com/r/TeamfightTactics/comments/1ubddcf/whats_your_current_best_setup_for_getting_the/,comment
"I placed 16 pieces on the field.

I started with Mipo, the last upgrade was the golden egg, I already had 7 Mipo and 100 HP, I managed to duplicate the eggs and got 10 Mipo, I had never seen anyone do it, so I decided to post it.",,https://reddit.com/r/TeamfightTactics/comments/1ua9ef3/i_placed_16_pieces_on_the_field/,post
Nice Dude! Is it possible to duplicate component/Item anvils?,,https://reddit.com/r/TeamfightTactics/comments/1ua9ef3/i_placed_16_pieces_on_the_field/,comment
I got 19 with cypher in set 14 (I think that was cypher set) but 8 of them were dummies or ZZrots,,https://reddit.com/r/TeamfightTactics/comments/1ua9ef3/i_placed_16_pieces_on_the_field/,comment
"Primordial Prismatic

So at first I just picked it because I never tried it before, but the next augment was prismatic again and I got prismatic ticket aaand.. the results speak for themselves lol. Got very close for a moment there but my last augment was vampiric so I was able to hang on long enough to finish 6 3 stars (finished by 4-5) then hit lvl 9 3 rounds before the end of the game. Anybody else won with this augment yet? I feel like I only did cause the augments lined up perfectly.",,https://reddit.com/r/TeamfightTactics/comments/1u890w3/primordial_prismatic/,post
"Leblanc arbiter

Im always confused which arbiter is better for leblanc, attack speed or ap, and if you need two as items if you pick up as from arbiter or is it better to go something like rageblade archangles deathcap over gs in that instance?",,https://reddit.com/r/TeamfightTactics/comments/1ucntwc/leblanc_arbiter/,post
From my understanding every x attacks for AP is better than AS.,,https://reddit.com/r/TeamfightTactics/comments/1ucntwc/leblanc_arbiter/,comment
i think the ap scaling is better because you can tack on attack speed from other sources like augments and rageblade if you can find it,,https://reddit.com/r/TeamfightTactics/comments/1ucntwc/leblanc_arbiter/,comment
"what is ts purple stomp in pengu's party?

was it an anivessary trait? was it shimmer scale? was it black star. it deals a lot of damage.",,https://reddit.com/r/TeamfightTactics/comments/1ucei0r/what_is_ts_purple_stomp_in_pengus_party/,post
it looks like a pink veigar to me,,https://reddit.com/r/TeamfightTactics/comments/1ucei0r/what_is_ts_purple_stomp_in_pengus_party/,comment
"https://preview.redd.it/4zg819430t8h1.jpeg?width=1280&format=pjpg&auto=webp&s=6eba69e46ef08080d37219b03644334338fdd10d

Its Furyhorn Veigar summoning Furyhorns",,https://reddit.com/r/TeamfightTactics/comments/1ucei0r/what_is_ts_purple_stomp_in_pengus_party/,comment
"Cafe Cuties vex or annie

I got bonbon earlier this month but by some miracle i got 10 medals from the battle pass by getting two 5 medal chest so now i have 12 of it. Thinking of getting one of the two cause they fit bonbon arena . Which one should i get ?",,https://reddit.com/r/TeamfightTactics/comments/1u8up57/cafe_cuties_vex_or_annie/,post
I got Annie due to slapping someone with a pan.,,https://reddit.com/r/TeamfightTactics/comments/1u8up57/cafe_cuties_vex_or_annie/,comment
I bought vex because shes cute good emotes good finisher,,https://reddit.com/r/TeamfightTactics/comments/1u8up57/cafe_cuties_vex_or_annie/,comment
"Is my itemization here good? I have everyone 3 items

Left it all up to RNG",,https://reddit.com/r/TeamfightTactics/comments/1u7u3oy/is_my_itemization_here_good_i_have_everyone_3/,post
"Personally I think its better to have a properly itemized main tank rather than all the TGs.  A Leona 3 with 3 tank items will probably tank as much as this whole frontline, unless the TGs all RNG into tank items.  


But I'm not great at the game or anythink, so don't listen to me.",,https://reddit.com/r/TeamfightTactics/comments/1u7u3oy/is_my_itemization_here_good_i_have_everyone_3/,comment
But why leona and diana here?,,https://reddit.com/r/TeamfightTactics/comments/1u7u3oy/is_my_itemization_here_good_i_have_everyone_3/,comment
"i finally hit this combo

i finally hit this combo, super sick",,https://reddit.com/r/TeamfightTactics/comments/1u72093/i_finally_hit_this_combo/,post
"Looking for videos/streamers who explain their process as they play

I’m new to the game and trying to learn as much as possible. I watched a YouTuber play a live match and basically explained why he did everything as he did it and didn’t use much jargon so it was easy to follow. This was very helpful for me as a new player trying to understand decision making. Who do you recommend for this type of content? Specifically playing live matches, not just click baity videos going over abstract concepts if that makes sense.",,https://reddit.com/r/TeamfightTactics/comments/1ucpqkg/looking_for_videosstreamers_who_explain_their/,post
"Mech Pilot doesn't work with Stargazer hexes

Maybe I'm misunderstanding something",,https://reddit.com/r/TeamfightTactics/comments/1ucl2df/mech_pilot_doesnt_work_with_stargazer_hexes/,post
"DoubleUp - looking for partners - was emerald/plat - lets have fun!

Hi, I was Emerald and now Plat in solo. Currently Plat bin duo.    
  


Looking for fun people to play with! 



Playing with randoms that never talk gets boring.



Add me CherrryBoyHunter#NA1



Thanks!",,https://reddit.com/r/TeamfightTactics/comments/1u9hvew/doubleup_looking_for_partners_was_emeraldplat/,post
"Lunch Money Interaction

I'm not sure if this is intended or not, but I had a game where I had the Lunch Money augment (the one that gives out gold when you deal damage to enemy players).

There were three players left, and when I was fighting one of them they ff-ed. I then got a LOT of gold from my Lunch Money augment (around 12 gold I think).

So when a player ffs, and deals 99 damage to the tactician, it registers as damage dealt by their enemy. Is this intended? It's kinda OP since I literally went from 0 to 12 gold for the next round, when it should have been like 5 gold.",,https://reddit.com/r/TeamfightTactics/comments/1ucs2n7/lunch_money_interaction/,post
"TFT Set 18 UE ARM CPU support?

Hi, I have one of those ""AI"" branded windows laptop running on the ARM Snapdragon. I've always wanted to install TFT on that but they have never supported it due to the anti cheat. Any confirmation if TFT standalone will support ARM based windows laptops in the future once they transfer over to SET 18?",,https://reddit.com/r/TeamfightTactics/comments/1u6rc9w/tft_set_18_ue_arm_cpu_support/,post
"No confirmation yet but my guess would be No if they integrate it into the Riot Client which installs Vamguard as first task if i remember correct.  
I hope it doesnt come with it since i wanna play it on my Linux mashine",,https://reddit.com/r/TeamfightTactics/comments/1u6rc9w/tft_set_18_ue_arm_cpu_support/,comment
"Apple is about to kill Rosetta next year, so it's another reason to do it",,https://reddit.com/r/TeamfightTactics/comments/1u6rc9w/tft_set_18_ue_arm_cpu_support/,comment
Is my Corki too bad? I got 3rd,,https://reddit.com/r/TeamfightTactics/comments/1u9ftrx/is_my_corki_too_bad_i_got_3rd/,post
with those corki items it's good that you didn't go 8th,,https://reddit.com/r/TeamfightTactics/comments/1u9ftrx/is_my_corki_too_bad_i_got_3rd/,comment
This has to be ragebait,,https://reddit.com/r/TeamfightTactics/comments/1u9ftrx/is_my_corki_too_bad_i_got_3rd/,comment
"Tips on choosing units

Is there anyway to check what’s the best possible units to pick while playing? For example if I am given 3 random emblems and some starting units, how do you check what should be the best possible units or traits combination to go for in that scenario. I know there are metatft/ tactics tools, but how do you use them efficiently the use case above?",,https://reddit.com/r/TeamfightTactics/comments/1u92sg9/tips_on_choosing_units/,post
"New player looking for insight

Hey guys! I've been playing league for a few months and am enjoying my time with it. I want to venture into tft as it looks a lot of fun. I have played a few games of tuckers trial but i am a bit overwhelmed by the amount of items augments and characters and what works well with each other.

I am wondering if there is any resource out there that can help me learn comps and what items work on which characters. I have no idea how to begin and how to progress into a comp that can actually win. I am too scared to go into pvp atm as i am yet to win a tuckers trial. If anyone could help me with a few ideas of how to build a comp from level 1 to getting legendarily or direct me to a resource which could help i would be highly appreciative. Thanks all. Please explain it like im an idiot because i am really struggling to grasp the concept of comp building.",,https://reddit.com/r/TeamfightTactics/comments/1ucqxv4/new_player_looking_for_insight/,post
"Empress Carry augment Gragas is nuts

Refused to die after hitting 3 star",,https://reddit.com/r/TeamfightTactics/comments/1ucotdh/empress_carry_augment_gragas_is_nuts/,post
"I love when the tacticians are units that fight

I would love to see this happen more, I know it's not for everyone, but I'd at least like a mode where the tacticians are all fighting instead of the league models, like we could still have chibis as the characters and that'd be cool. 

Does anyone else like having tacticians fight? 

I get super hype seeing Meepsie do the Choncc dance lol",,https://reddit.com/r/TeamfightTactics/comments/1ucjr7l/i_love_when_the_tacticians_are_units_that_fight/,post
"Need Advice On Reaching Master

I am looking for some guidance on hitting master before the set ends. I’m currently e1 and feel a bit stuck. I know the obvious answer is “improve your econ”, and I try to be mindful of this in most games. However, as a flexible player, I feel like there may be other aspects I am missing. I usually base my board around the lobby and my augments, which often results in 3rd-6th place finishes. With some luck, I can go on big winstreaks, but I also find myself deranking an entire tier or two within just a few games. This set in particular has felt pretty rough, but I’m sure that is just copium at this point lol. Any tips for a more consistent climb?",,https://reddit.com/r/TeamfightTactics/comments/1ub0dvj/need_advice_on_reaching_master/,post
"I hit masters every set and I feel like at some point playing more isn’t the answer and instead your time is better spent consuming content wether it’s patch notes, recaps when mortdog used to do it or watching streamers, YouTubers.

And more often than not you learn things that you otherwise never questioned like, wow was it really worth sacking one gold to hold a pair on stage 2 given blah blah context? Wow even though two tanky was broken was I supposed to recognize the presence of ahri and ekko god implies people might sack more than normal to fast 8/9 and it’s ok for me to dig a bit harder.

Is it really better to hold the pair of teemos over pair of tfs given this component and this stargazer!

Somethings we simply don’t question but consuming content breaks these ideas we have",,https://reddit.com/r/TeamfightTactics/comments/1ub0dvj/need_advice_on_reaching_master/,comment
"These type of screenshot posts aren't very helpful. Over the past 20 games your avp is 3.7. from this information, the answer would be to play more since 3.7 is more than climbable, but if you played 40 games before it and averaged something like 5.0 than that would change. Regardless, I really don't know what people mean when they mean ""improving their econ"". Do you just mean making interest? Gold isn't the only resource in this game. Your tactician health matters too.",,https://reddit.com/r/TeamfightTactics/comments/1ub0dvj/need_advice_on_reaching_master/,comment
TFT Clash week 2 starts tonight. Free weekly competitive tournaments with live leaderboards.,,https://reddit.com/r/TeamfightTactics/comments/1uarlc1/tft_clash_week_2_starts_tonight_free_weekly/,post
"Is there any cool/unique comps with bilge water in pengu?

I already played something with pretty much all the traits but i can't seem to build something with bilge water to make it work. Has anyone of you find anything?",,https://reddit.com/r/TeamfightTactics/comments/1u96pg3/is_there_any_coolunique_comps_with_bilge_water_in/,post
"Instructive streamers??

Maybe this gets asked a lot, but who are some of the top challenger or whatever streamers who actually kinda voice their thoughts on their decisions in an instructive manner? i wanna up my game :D",,https://reddit.com/r/TeamfightTactics/comments/1u94owf/instructive_streamers/,post
"Did they change how nunu angles his snowball?

This Patch I have seen it multiple times that my nunu just rolls his snowball towards my side of the board while missing the entire enemy team.

&#x200B;

Is this new? Can I do something about it or do I have to accept that every few combats my frontline is useless?",,https://reddit.com/r/TeamfightTactics/comments/1u7777f/did_they_change_how_nunu_angles_his_snowball/,post
"Question on Arbiter Talon

Have they “fixed” him? I remember seeing a leduck video saying talon bleed ticks no longer count as 1 Attack for Arbiters and it’s been patched. Can’t find that video anymore haha. Can anyone confirm?",,https://reddit.com/r/TeamfightTactics/comments/1u6ywcu/question_on_arbiter_talon/,post
"Pass exp colors

So iv been getting into tft recently and been looking at the challanges but i see that there is yellow blue and purple and the game dosnt tell me for what the exp is, it just says pass xp, i feel like some times it foes into tft pass, sometimes it goes into the lol pass and sometimes it does nothing.",,https://reddit.com/r/TeamfightTactics/comments/1u8rj3d/pass_exp_colors/,post
"TFT Unreal engine

I recently started playing Golden Spatula. I play TFT on PC and really enjoyed the graphics and overall gameplay. However, I never liked the TFT mobile version. The framerate feels low, the graphics look worse, and the animations don't feel as smooth.

Then I discovered Golden Spatula. Even though it's not officially available in my country, I decided to try it, and honestly, it's been a great experience. The game runs smoothly, feels well optimized for mobile devices, and I really like how they integrate guides directly into the game. Overall, it just feels much more mobile-friendly.

After hearing about the upcoming update that will move TFT to Unreal Engine, I'm wondering if Riot plans to improve TFT Mobile and bring it closer to what Golden Spatula offers. Since I've already spent quite a bit of money on TFT, I don't see myself spending money on Golden Spatula. At the same time, there are moments when I just want to relax in bed and play TFT on my phone, so having a better mobile experience would be great.

Do you think Riot is heading in that direction with the Unreal Engine update?  
yeah i used ai since my english is shit lmao",,https://reddit.com/r/TeamfightTactics/comments/1ucglqd/tft_unreal_engine/,post
yep. transition to Unreal will drastically improve mobile experience since Unreal is waaay more mobile-native than hextech (LOL engine). furthermore they said it on State of Unreal 2026,,https://reddit.com/r/TeamfightTactics/comments/1ucglqd/tft_unreal_engine/,comment
"TFT mobile will continue to be the same game as TFT on PC. So any improvements to TFT PC should be reflected with TFT mobile. Graphics is the only questionable part because TFT mobile didnt used to be this bad for graphics. Used to, you had graphic settings options and FPS could be set to 30 or 60. 

Like 3 patches into set 12 Riot randomly updated mobile to remove the graphics options and set everyone to the lowest settings and 30 FPS. To this day theyve still not even made a tweet or reddit comment acknowledging the decision or why they did it.

So it really just depends on their reasoning for even removing the graphic settings. If their philosophy is that mobile TFT has to have shitty graphics so that it can run on 10+ year old phones then a switch to unreal engine is unlikely to improve anything",,https://reddit.com/r/TeamfightTactics/comments/1ucglqd/tft_unreal_engine/,comment
"not calculated ?

what did i even die from ??",,https://reddit.com/r/TeamfightTactics/comments/1uc4m3p/not_calculated/,post
"Mech pilot co-pilot mechanic

Does anyone know how the co-pilots of mech are selected? I had setup like this, and my belveth was randomly joining or not joining the mech xd",,https://reddit.com/r/TeamfightTactics/comments/1u99rvt/mech_pilot_copilot_mechanic/,post
"How am I suppose to get the portal from this Star Atlas thing?

Anima 6 feels like a trap, I only got Primordian 3 because of getting two tokens so I didn't actually have to field the sucky primordian champs....do I just keep forcing timebreakers, psonic, meeple, stargazer, arbiter, fateweaver or nova until I win one?",,https://reddit.com/r/TeamfightTactics/comments/1u6ye6v/how_am_i_suppose_to_get_the_portal_from_this_star/,post
"well, here is the new meta. 

go in Pengu's party. And just play funny little comps. Some might work.",,https://reddit.com/r/TeamfightTactics/comments/1u6ye6v/how_am_i_suppose_to_get_the_portal_from_this_star/,comment
"Brother, you just need to win games, to be honest. Seems like you've got 10 champs you haven't gotten a first with yet, no need to force a whole comp for no reason.",,https://reddit.com/r/TeamfightTactics/comments/1u6ye6v/how_am_i_suppose_to_get_the_portal_from_this_star/,comment
"What objectives can be achieved with Tocker's trials?

The title, what missions can be done in Tocker's trials? Idk if this has been asked before, i couldn't find any posts about this",,https://reddit.com/r/TeamfightTactics/comments/1ub7asz/what_objectives_can_be_achieved_with_tockers/,post
"All the mission that doesn't include ""Player Combat"" in their description",,https://reddit.com/r/TeamfightTactics/comments/1ub7asz/what_objectives_can_be_achieved_with_tockers/,comment
"I did almost all of them with Pengu's Party, really helpful getting a 3* 5 cost.",,https://reddit.com/r/TeamfightTactics/comments/1ub7asz/what_objectives_can_be_achieved_with_tockers/,comment
Everyone picked Yasuo on the first boons,,https://reddit.com/r/TeamfightTactics/comments/1ucsk1v/everyone_picked_yasuo_on_the_first_boons/,post
"Reruning previous sets

Have they ever reruned other sets?

I really miss playing Remix Rumble and the game kinda fell off for me, but I still really like it. Is there any chance of older sets making a comeback?",,https://reddit.com/r/TeamfightTactics/comments/1u8l6ne/reruning_previous_sets/,post
They do them regularly.  In fact Remix Rumble was one of the throwback sets last year,,https://reddit.com/r/TeamfightTactics/comments/1u8l6ne/reruning_previous_sets/,comment
"You haven't played a while, have you?",,https://reddit.com/r/TeamfightTactics/comments/1u8l6ne/reruning_previous_sets/,comment
"Worth the wait Augment store issue?

I just wanna compare experiences.  
I played Worth the wait twice now, both times i did not see the replicating unit once in the store. Noone else was playing that unit either so it's not like it was bought out. Am i just incredibly unlucky that in 50g worth of rerolls, i don't see my unit once on level 5? Or once throughout the whole game?

It feels like as soon as i pick that augment, the unit is removed from my store pool and i have to go for winstreaks which seems hard with super low level reroll comps.",,https://reddit.com/r/TeamfightTactics/comments/1u7dg17/worth_the_wait_augment_store_issue/,post
"If you rerolling 50g for your worth the wait unit, either you exagerating a lot or just playing the game incorrectly.",,https://reddit.com/r/TeamfightTactics/comments/1u7dg17/worth_the_wait_augment_store_issue/,comment
They don't show up in shop after getting to 3 star but they can be offered by Gods or dropped in PVE rounds.,,https://reddit.com/r/TeamfightTactics/comments/1u7dg17/worth_the_wait_augment_store_issue/,comment
"I somehow won with Ez reroll *pikachu face*

Ez had over 100 stacks and Panth had a 2-4 health stack yasuo circle for almost 8k health. Stargazer was 40% damage amp 😏",,https://reddit.com/r/TeamfightTactics/comments/1uc7tpk/i_somehow_won_with_ez_reroll_pikachu_face/,post
"Cait 3 beats 2* Xayah Gigabis w/ huntress, and two 2* Vex

Crazy ranked lobby, ignore my Morgana 1 items, I had 1\* 3 item Corki and 2 slotted Shen 2. I had to reforge my Corki items because I ran out of reforgers at the very last round. Just because Shen 2 is just better than Corki 1.",,https://reddit.com/r/TeamfightTactics/comments/1ubt8tv/cait_3_beats_2_xayah_gigabis_w_huntress_and_two_2/,post
"People posting postgame screen, without taking in mind there is 3 augments to pick per game, It is hilarious.",,https://reddit.com/r/TeamfightTactics/comments/1ubt8tv/cait_3_beats_2_xayah_gigabis_w_huntress_and_two_2/,comment
Huntress is the worst Xayah stargazer,,https://reddit.com/r/TeamfightTactics/comments/1ubt8tv/cait_3_beats_2_xayah_gigabis_w_huntress_and_two_2/,comment
"Prismatic Mighty Mech accidentally?

So I played some choncc and started with mighty mech, as im quite a noob all I ever try is to max it out as fast as possible. And the game went on, I lost a few early but then started winning, and I just randomly picked augments that fit, and when I got max units and level I got the prismatic, and I havent seen that before, I won the game pretty easily, but I couldnt recreate it. Thought it was just max unit and level 10, but it seems I also need 3 spesific augments? Does that legit mean I accidentally picked the right augments that one time?",,https://reddit.com/r/TeamfightTactics/comments/1ubomzb/prismatic_mighty_mech_accidentally/,post
"Medallion SG x Primordian comp

Just went all in on 1-stars

https://preview.redd.it/ubv3ec4rs38h1.png?width=922&format=png&auto=webp&s=bd7ee2f270d0a23d0a23b3ad6039661fb29bb646",,https://reddit.com/r/TeamfightTactics/comments/1u9hyto/medallion_sg_x_primordian_comp/,post
"What are the chances of chibi gwen coming back to the store this year?

I haven't see that chibi in ages on the store, could it came back this year?",,https://reddit.com/r/TeamfightTactics/comments/1u9467l/what_are_the_chances_of_chibi_gwen_coming_back_to/,post
"How did I go 6th?

I played the whole game almost perfectly, lose streak 5 stage 2, win streak 5 stage 3, then stabilize with Xayah 2 and Nunu 2 at 4-1. Then I pushed 9, go for Jhin 2 and Blitz. The problem is after that, I started losing for no fucking reason, eventually died at 5-5. Can someone explain how I lost?",,https://reddit.com/r/TeamfightTactics/comments/1ucqopz/how_did_i_go_6th/,post
Looks pretty obvious to me. Your frontline is literal paper.,,https://reddit.com/r/TeamfightTactics/comments/1ucqopz/how_did_i_go_6th/,comment
Not trying to be rude but how on earth did you reach master rank without a simple understanding of board strength…,,https://reddit.com/r/TeamfightTactics/comments/1ucqopz/how_did_i_go_6th/,comment
"After losing to this I found out 5 cost champs are very strong

https://preview.redd.it/zfwdnzv33v8h1.png?width=495&format=png&auto=webp&s=1b9b3ed19476cabea37418a5b2c2cc0f297cb85c

I almost had 4 star leona but last rounds the rng trolled me. I have a lot of traits active but seems like going for 5 costs is a better strategy late game, even if not many traits are active. 

At the end I still had a lot of gold but I never have enough time to roll it all.  
I wonder if despite the shepherd trait if it was better to go for a 2 star vex in place of leblanc.",,https://reddit.com/r/TeamfightTactics/comments/1ucprw6/after_losing_to_this_i_found_out_5_cost_champs/,post
"Did the Item Odds change?

I just played a game after taking a long break. 

And WHAT THE FCK is going on with the game lmao. 

I played Gnar and had a decent spot early gnar 3 all units but I got offered 0 bows for picks.

  
Then I was ok im gonna hit on the Item Reroll shop.. I rerolled 22 Times and got 0 Bows. 

I would be mad or sad but I hit my elo - fun set tho ngl haha",,https://reddit.com/r/TeamfightTactics/comments/1u9gh25/did_the_item_odds_change/,post
"Anyone how i lost with 6 anima that i got on stage 4-2?

I got a feeling it's about some nova strike that he used but still, i got no clue how that beats my board.",,https://reddit.com/r/TeamfightTactics/comments/1u9dh5t/anyone_how_i_lost_with_6_anima_that_i_got_on/,post
"I have 7 Medallions and idk if i should buy Irelia or save for 10 medallions for vex/annie

I cant decide and thats why i wanna ask you all if this irelia skin is a good one or not?",,https://reddit.com/r/TeamfightTactics/comments/1u7e91i/i_have_7_medallions_and_idk_if_i_should_buy/,post
"Star Atlas and similar collections systems need a rework

I haven’t had a more miserable time in tft than trying to complete this sets atlas.  
Currently just missing Anima and shepherd, while I don’t mind them not being best or the strongest perks,I just don’t understand why they lock them behind emblems.  
If the game doesn’t offer a spatula or I get lucky with an emblem I end up feeling like I just wasted the last minutes I spent playing.  
None of the other traits they asked for require spatula to complete and at least even while forcing, if I lose I know I can just try again with those.  
Last set with the quest locked units at least they were strong like Zaheen, these ones aren’t even good.  
Hopefully they learn from this and don’t lock future collectors systems behind emblems if they are going to keep being stingy with them.  
Am I just being sour or do you guys share this concern?",,https://reddit.com/r/TeamfightTactics/comments/1uca9n3/star_atlas_and_similar_collections_systems_need_a/,post
"How does matchmaking work?

This is a bit of broad question but generally does the game match you with players who play similar builds?

I’m currently Plat 1 making my push to emerald I started today on 6 LP before finding success running Ez reroll and climbed to 74lp. Next game I get 3.5 way contested on my build and lose race to 3star cho and Ez. I finished 8th trying to into another build. Yeah I’m salty about losing 48LP

Now I had similar issues in the past with Challenger MF, Brawler Yi and recently Meeple Corki but I assumed it’d hurt cause those builds were/are S-tier and popular. Meanwhile, Ezreal reroll I genuinely thought wouldn’t be contested as much. I know timebreakers is currently a popular opener but typically it levels off as the game goes on which allows me to hit my marks. But to be contested in that exact build almost by 4 people is nuts. Idk why I stuck by it but it is what is. But it did make me think does the game gradually match you with people who play similar builds to you? Or did I just get hit by obscenely bad luck ?",,https://reddit.com/r/TeamfightTactics/comments/1u9gui0/how_does_matchmaking_work/,post
"What did I did wrong?

I died for master he ignore my front and deleted it my vex and bard",,https://reddit.com/r/TeamfightTactics/comments/1u9a3hy/what_did_i_did_wrong/,post
"UI of champion?

Does anyone know what these mean?",,https://reddit.com/r/TeamfightTactics/comments/1u6zdk1/ui_of_champion/,post
"I don't get how I don't win from a single player with this comp

Hit 6 Anima early (stage 3)

Had 3\* Diana (though couldn't get items for her)

Had 3\* Briar and Reksai

Had everyone else 2\*

Had good defense

Had good offense

Bit 5 Challenger early

&#x200B;

Final comp:

\- 6 Anima

\- 5 Challenger

\- 3 Primordian

\- 3 Rogue

&#x200B;

I just don't get how I lose to literally everyone and come 8th.",,https://reddit.com/r/TeamfightTactics/comments/1uc91no/i_dont_get_how_i_dont_win_from_a_single_player/,post
"AP Components = Loss.

So basically if you roll ap components early. You hard lose. It feels unbalanced to me. 

Edit: 100% skill issue. I just have no idea what to do with AP items. Any easy comps to learn with AP?",,https://reddit.com/r/TeamfightTactics/comments/1ubgyem/ap_components_loss/,post
"Did you encounter a cheater in TFT ?

I feel like TFT is impossible to cheat in it so if u encountered one tell us how he cheats am really curious to know because I don't think you can actually cheat in TFT",,https://reddit.com/r/TeamfightTactics/comments/1ucld02/did_you_encounter_a_cheater_in_tft/,post
"Kench is more like a 5 cost unit

Tahm kench is a 4 cost unit with a unique trait ""Oracle"" that gives him diversified loot: gold, item components, or even **1 star units that you need to finish 2 starring your board, whether they be 3 costs, 4 costs or 5 costs.** 

  
I'm not sure whether Riot intended this to be a balancing to stabilize your board but it just feels like Kench could use a nerf to his oracle trait or a push to being 5 cost.",,https://reddit.com/r/TeamfightTactics/comments/1ubrgqp/kench_is_more_like_a_5_cost_unit/,post
Is double up really that boring?,,https://reddit.com/r/TeamfightTactics/comments/1u985x2/is_double_up_really_that_boring/,post
"Dark Star first place every game?

Tft is only game where I get most annoyed achieving second place. Am I the only one that sees Dark Star at first place almost every game?",,https://reddit.com/r/TeamfightTactics/comments/1u8tc2d/dark_star_first_place_every_game/,post
"is Gnar comp being S-Tier a fucking bait?

i'm yet to top 1 with this. why the fuck is this s-tier? this is such a fucking degenerate comp where fucking jhin and bard are simply much stronger than gnar 3 and wasting a shit ton of rounds with 7 meepls sucking dick because 7 meeples even with bard is dogshit. and this is actually with the fact that you need to have 7 meeples with SINGLE Gnar 2\* for like what, 12 rounds? but let's be generous and day you have an average - another 2\* gnar. meaning you wait for 6 rounds. and that's 8th level, not 9th where you can place 5 meeple + jhin, karma and mighty cock. i've played this dogshit contested and uncontested 8 5 4 2 7 with average being 5th place and like -55 lp considering the fact that fucking rank system gives generous 40 but mostly 35+ and takes 1000000 lp for 8th

&#x200B;

i geniunely do not understand how to fucking play this shit. gnar is a fun unit, but ffs how do i stablise with this mid-game? it's like there are a shit ton of good comps you can play but they're all conditional: malware matrixing on serpent-mountain-boar with AURELIOOOOON SOOOL triple econ augments working 9-5 just to go 8th because SOMEWHERE you didn't spend 1 gold. not that i want to trivialize the game where 1 gold does matter; but it's fucking annoying that i did reach master on one acc (and reached diamond multiple times), and now am stuck in emerald on another acc because im playing PROPER GANDA of gnar reroll being not smart enough to understand why the fuck do i not winstreak with GNAR GUINSOO IE 2-1 

&#x200B;

no im not saying this set sucks. i like it",,https://reddit.com/r/TeamfightTactics/comments/1ubw8f2/is_gnar_comp_being_stier_a_fucking_bait/,post
"remove demoting protection floor

tldr: i want to demote if i still gain 45lp for a win 

i'm ""virtually"" hardstuck diamond, when i go first i only get 25 LP, i KNOW its because of mmr.

but the game for me is only interesting because of gradation, ill not play normal.

i would MUCH PREFER being even gold 3 but with linear progression, instead of being a little better, getting six top 3 in a row, and ""lose"" two days of gaming in one top 8.

the only reason i dont quit the set is my health, im playing tft on the treadmill (best game to rage, just go fast when you angry) please let me be happy 5 min queue to get -80 lp helppp",,https://reddit.com/r/TeamfightTactics/comments/1u98x34/remove_demoting_protection_floor/,post
"Apex Primordian loses to 3* Milio

Someone please explain to me why the Apex Primoridian loses to any of this besides the 3\* Rammus. I lose to the milio and got eliminated by the rammus. Is he really that weak?",,https://reddit.com/r/TeamfightTactics/comments/1u7ynlq/apex_primordian_loses_to_3_milio/,post
"Apex Primordian is the best “Prismatic” augment of all time

So I got Heart of the Swarm prismatic option for the first time this set. Safe to say, with a small amount of game IQ you can easily go top 3 if not 1st. When this set first came out primordian reroll was meta crutch and this augment takes it to the next level. Just switch in Chogath for an easy 3\* tank and get a little luck at level 7 for Kai Sa and you’re all set. Just keep in mind, the Apex Primordian unit basically does nothing for how extremely hard it is to achieve. Idk who I was playing against for most rounds as I was so focused on rerolling with my second augment Prismatic Ticket, but I did beat 2nd place who had a 4\* Pyke - poor guy. Anyone who grabs this augment and dosent easily place top 3 needs to re evaluate their googling ability.",,https://reddit.com/r/TeamfightTactics/comments/1u9cvr8/apex_primordian_is_the_best_prismatic_augment_of/,post
"Why are loss streak traits still in the game?

Why is our small indie company like Ash at the start of each new Pokemon season? 

How many times do we need to ""test"" out these loss streak only traits before we realize they're terrible for the game and feel bad to play and play against

All my homies hate anima",,https://reddit.com/r/TeamfightTactics/comments/1u6vwll/why_are_loss_streak_traits_still_in_the_game/,post
